{"train_steps_per_second":1.915,"train/global_step":1719,"train_loss":3.6593337799658117,"total_flos":3.590871548166144e+15,"_runtime":959.05552038,"eval/loss":3.625920295715332,"_timestamp":1.7473332208589132e+09,"train_samples_per_second":15.306,"eval/samples_per_second":42.294,"train/learning_rate":6.689936009307737e-07,"train/loss":3.4822,"_wandb":{"runtime":959},"train/epoch":3,"train_runtime":897.8609,"eval/steps_per_second":5.331,"train/grad_norm":1.7920091152191162,"eval/runtime":11.2546,"_step":18}