{"_step":109,"value2":9,"_wandb":{"runtime":1},"step":90,"value1":9801,"_timestamp":1.7473287681978393e+09,"_runtime":1.477682342}