{"_step":19,"value2":9,"_wandb":{"runtime":0},"step":90,"value1":81,"_timestamp":1.7473287031924877e+09,"_runtime":0.68865125}